Year,Race,Hispanic.Origin,State.Code,measure,attr,mean,lower,upper
2004,American Indian or Alaska Native,All Origins,4,Deaths,attributable,4.75225053502257,4.75225053502257,4.75225053502257
2004,American Indian or Alaska Native,All Origins,4,YLL,attributable,117.768147855865,117.768147855865,117.768147855865
2004,American Indian or Alaska Native,All Origins,6,Deaths,attributable,37.0788815142575,37.0788815142575,37.0788815142575
2004,American Indian or Alaska Native,All Origins,6,YLL,attributable,944.819578054896,944.819578054896,944.819578054896
2004,American Indian or Alaska Native,All Origins,26,Deaths,attributable,7.17408571532834,7.17408571532834,7.17408571532834
2004,American Indian or Alaska Native,All Origins,26,YLL,attributable,165.937204753158,165.937204753158,165.937204753158
2004,American Indian or Alaska Native,All Origins,27,Deaths,attributable,1.67143777750589,1.67143777750589,1.67143777750589
2004,American Indian or Alaska Native,All Origins,27,YLL,attributable,42.9240186314511,42.9240186314511,42.9240186314511
2004,American Indian or Alaska Native,All Origins,35,Deaths,attributable,0.951368443595121,0.951368443595121,0.951368443595121
2004,American Indian or Alaska Native,All Origins,35,YLL,attributable,18.9124363514717,18.9124363514717,18.9124363514717
2004,American Indian or Alaska Native,All Origins,37,Deaths,attributable,10.4147790150974,10.4147790150974,10.4147790150974
2004,American Indian or Alaska Native,All Origins,37,YLL,attributable,206.840200766548,206.840200766548,206.840200766548
2004,American Indian or Alaska Native,All Origins,40,Deaths,attributable,59.2335368125579,59.2335368125579,59.2335368125579
2004,American Indian or Alaska Native,All Origins,40,YLL,attributable,1636.44578068474,1636.44578068474,1636.44578068474
2004,American Indian or Alaska Native,All Origins,46,Deaths,attributable,0.622698946449985,0.622698946449985,0.622698946449985
2004,American Indian or Alaska Native,All Origins,46,YLL,attributable,14.5296498404664,14.5296498404664,14.5296498404664
2004,American Indian or Alaska Native,All Origins,53,Deaths,attributable,2.29870769819935,2.29870769819935,2.29870769819935
2004,American Indian or Alaska Native,All Origins,53,YLL,attributable,56.005912792514,56.005912792514,56.005912792514
2004,American Indian or Alaska Native,All Origins,55,Deaths,attributable,1.8573843228357,1.8573843228357,1.8573843228357
2004,American Indian or Alaska Native,All Origins,55,YLL,attributable,47.6992924009003,47.6992924009003,47.6992924009003
2004,American Indian or Alaska Native,Not Hispanic or Latino,2,Deaths,attributable,7.78107499001065,7.78107499001065,7.78107499001065
2004,American Indian or Alaska Native,Not Hispanic or Latino,2,YLL,attributable,182.696919832944,182.696919832944,182.696919832944
2004,American Indian or Alaska Native,Not Hispanic or Latino,6,Deaths,attributable,27.7151376333817,27.7151376333817,27.7151376333817
2004,American Indian or Alaska Native,Not Hispanic or Latino,6,YLL,attributable,702.178226814686,702.178226814686,702.178226814686
2004,American Indian or Alaska Native,Not Hispanic or Latino,40,Deaths,attributable,98.1700842108325,98.1700842108325,98.1700842108325
2004,American Indian or Alaska Native,Not Hispanic or Latino,40,YLL,attributable,2241.56780833402,2241.56780833402,2241.56780833402
2004,American Indian or Alaska Native,Not Hispanic or Latino,46,Deaths,attributable,1.63778767261243,1.63778767261243,1.63778767261243
2004,American Indian or Alaska Native,Not Hispanic or Latino,46,YLL,attributable,42.0598538095021,42.0598538095021,42.0598538095021
2004,American Indian or Alaska Native,Not Hispanic or Latino,55,Deaths,attributable,5.34698089302534,5.34698089302534,5.34698089302534
2004,American Indian or Alaska Native,Not Hispanic or Latino,55,YLL,attributable,137.315256698764,137.315256698764,137.315256698764
2004,Asian or Pacific Islander,All Origins,6,Deaths,attributable,894.935807842938,894.935807842938,894.935807842938
2004,Asian or Pacific Islander,All Origins,6,YLL,attributable,19467.3240454422,19467.3240454422,19467.3240454422
2004,Asian or Pacific Islander,All Origins,12,Deaths,attributable,15.4846519969968,15.4846519969968,15.4846519969968
2004,Asian or Pacific Islander,All Origins,12,YLL,attributable,380.374556341823,380.374556341823,380.374556341823
2004,Asian or Pacific Islander,All Origins,15,Deaths,attributable,9.06138934102015,9.06138934102015,9.06138934102015
2004,Asian or Pacific Islander,All Origins,15,YLL,attributable,198.558411260967,198.558411260967,198.558411260967
2004,Asian or Pacific Islander,All Origins,17,Deaths,attributable,38.3846630210155,38.3846630210155,38.3846630210155
2004,Asian or Pacific Islander,All Origins,17,YLL,attributable,917.030713768332,917.030713768332,917.030713768332
2004,Asian or Pacific Islander,All Origins,24,Deaths,attributable,12.8836906317496,12.8836906317496,12.8836906317496
2004,Asian or Pacific Islander,All Origins,24,YLL,attributable,256.137729327341,256.137729327341,256.137729327341
2004,Asian or Pacific Islander,All Origins,25,Deaths,attributable,0.641233926814945,0.641233926814945,0.641233926814945
2004,Asian or Pacific Islander,All Origins,25,YLL,attributable,6.40604314868313,6.40604314868313,6.40604314868313
2004,Asian or Pacific Islander,All Origins,32,Deaths,attributable,1.1380862917845,1.1380862917845,1.1380862917845
2004,Asian or Pacific Islander,All Origins,32,YLL,attributable,16.5277684666801,16.5277684666801,16.5277684666801
2004,Asian or Pacific Islander,All Origins,34,Deaths,attributable,28.938668317442,28.938668317442,28.938668317442
2004,Asian or Pacific Islander,All Origins,34,YLL,attributable,642.962707376943,642.962707376943,642.962707376943
2004,Asian or Pacific Islander,All Origins,36,Deaths,attributable,169.099868418817,169.099868418817,169.099868418817
2004,Asian or Pacific Islander,All Origins,36,YLL,attributable,3670.78923363361,3670.78923363361,3670.78923363361
2004,Asian or Pacific Islander,All Origins,41,Deaths,attributable,0.664069908349781,0.664069908349781,0.664069908349781
2004,Asian or Pacific Islander,All Origins,41,YLL,attributable,8.79143874468187,8.79143874468187,8.79143874468187
2004,Asian or Pacific Islander,All Origins,42,Deaths,attributable,4.75346524250248,4.75346524250248,4.75346524250248
2004,Asian or Pacific Islander,All Origins,42,YLL,attributable,60.9705738490858,60.9705738490858,60.9705738490858
2004,Asian or Pacific Islander,All Origins,48,Deaths,attributable,41.3383379576043,41.3383379576043,41.3383379576043
2004,Asian or Pacific Islander,All Origins,48,YLL,attributable,1008.35057589894,1008.35057589894,1008.35057589894
2004,Asian or Pacific Islander,All Origins,51,Deaths,attributable,13.3222570589251,13.3222570589251,13.3222570589251
2004,Asian or Pacific Islander,All Origins,51,YLL,attributable,264.357176378167,264.357176378167,264.357176378167
2004,Asian or Pacific Islander,All Origins,53,Deaths,attributable,12.0132688612391,12.0132688612391,12.0132688612391
2004,Asian or Pacific Islander,All Origins,53,YLL,attributable,245.990003055738,245.990003055738,245.990003055738
2004,Asian or Pacific Islander,Not Hispanic or Latino,6,Deaths,attributable,1616.74947115842,1616.74947115842,1616.74947115842
2004,Asian or Pacific Islander,Not Hispanic or Latino,6,YLL,attributable,32443.7503110247,32443.7503110247,32443.7503110247
2004,Asian or Pacific Islander,Not Hispanic or Latino,12,Deaths,attributable,20.3881609702471,20.3881609702471,20.3881609702471
2004,Asian or Pacific Islander,Not Hispanic or Latino,12,YLL,attributable,501.474275736269,501.474275736269,501.474275736269
2004,Asian or Pacific Islander,Not Hispanic or Latino,15,Deaths,attributable,16.736537311235,16.736537311235,16.736537311235
2004,Asian or Pacific Islander,Not Hispanic or Latino,15,YLL,attributable,348.907692699652,348.907692699652,348.907692699652
2004,Asian or Pacific Islander,Not Hispanic or Latino,17,Deaths,attributable,36.9723778828896,36.9723778828896,36.9723778828896
2004,Asian or Pacific Islander,Not Hispanic or Latino,17,YLL,attributable,982.118732802634,982.118732802634,982.118732802634
2004,Asian or Pacific Islander,Not Hispanic or Latino,25,Deaths,attributable,7.51476054928641,7.51476054928641,7.51476054928641
2004,Asian or Pacific Islander,Not Hispanic or Latino,25,YLL,attributable,128.528817446553,128.528817446553,128.528817446553
2004,Asian or Pacific Islander,Not Hispanic or Latino,34,Deaths,attributable,19.1970462167088,19.1970462167088,19.1970462167088
2004,Asian or Pacific Islander,Not Hispanic or Latino,34,YLL,attributable,289.497995982175,289.497995982175,289.497995982175
2004,Asian or Pacific Islander,Not Hispanic or Latino,36,Deaths,attributable,216.064785427344,216.064785427344,216.064785427344
2004,Asian or Pacific Islander,Not Hispanic or Latino,36,YLL,attributable,4811.54086689088,4811.54086689088,4811.54086689088
2004,Asian or Pacific Islander,Not Hispanic or Latino,48,Deaths,attributable,64.7849893421943,64.7849893421943,64.7849893421943
2004,Asian or Pacific Islander,Not Hispanic or Latino,48,YLL,attributable,1747.72402902338,1747.72402902338,1747.72402902338
2004,Asian or Pacific Islander,Not Hispanic or Latino,51,Deaths,attributable,9.98309003432003,9.98309003432003,9.98309003432003
2004,Asian or Pacific Islander,Not Hispanic or Latino,51,YLL,attributable,170.745927053585,170.745927053585,170.745927053585
2004,Asian or Pacific Islander,Not Hispanic or Latino,53,Deaths,attributable,19.7294543267025,19.7294543267025,19.7294543267025
2004,Asian or Pacific Islander,Not Hispanic or Latino,53,YLL,attributable,432.228954510783,432.228954510783,432.228954510783
2004,Black or African American,All Origins,1,Deaths,attributable,394.176819092348,394.176819092348,394.176819092348
2004,Black or African American,All Origins,1,YLL,attributable,10367.0714628968,10367.0714628968,10367.0714628968
2004,Black or African American,All Origins,4,Deaths,attributable,14.0903981170627,14.0903981170627,14.0903981170627
2004,Black or African American,All Origins,4,YLL,attributable,344.022087135195,344.022087135195,344.022087135195
2004,Black or African American,All Origins,5,Deaths,attributable,116.141490493668,116.141490493668,116.141490493668
2004,Black or African American,All Origins,5,YLL,attributable,3169.48870751282,3169.48870751282,3169.48870751282
2004,Black or African American,All Origins,6,Deaths,attributable,1122.34431007059,1122.34431007059,1122.34431007059
2004,Black or African American,All Origins,6,YLL,attributable,28653.2943535182,28653.2943535182,28653.2943535182
2004,Black or African American,All Origins,8,Deaths,attributable,9.44252207194125,9.44252207194125,9.44252207194125
2004,Black or African American,All Origins,8,YLL,attributable,230.670986504686,230.670986504686,230.670986504686
2004,Black or African American,All Origins,9,Deaths,attributable,50.0051369518255,50.0051369518255,50.0051369518255
2004,Black or African American,All Origins,9,YLL,attributable,1354.83358346875,1354.83358346875,1354.83358346875
2004,Black or African American,All Origins,10,Deaths,attributable,39.6075551692902,39.6075551692902,39.6075551692902
2004,Black or African American,All Origins,10,YLL,attributable,1009.84470146557,1009.84470146557,1009.84470146557
2004,Black or African American,All Origins,11,Deaths,attributable,196.176726066764,196.176726066764,196.176726066764
2004,Black or African American,All Origins,11,YLL,attributable,4774.0383621083,4774.0383621083,4774.0383621083
2004,Black or African American,All Origins,12,Deaths,attributable,581.138615041798,581.138615041798,581.138615041798
2004,Black or African American,All Origins,12,YLL,attributable,15518.7062210105,15518.7062210105,15518.7062210105
2004,Black or African American,All Origins,13,Deaths,attributable,684.898930632942,684.898930632942,684.898930632942
2004,Black or African American,All Origins,13,YLL,attributable,19216.6235716796,19216.6235716796,19216.6235716796
2004,Black or African American,All Origins,17,Deaths,attributable,739.803928590184,739.803928590184,739.803928590184
2004,Black or African American,All Origins,17,YLL,attributable,20506.6523744207,20506.6523744207,20506.6523744207
2004,Black or African American,All Origins,18,Deaths,attributable,158.911000500499,158.911000500499,158.911000500499
2004,Black or African American,All Origins,18,YLL,attributable,4422.78280809524,4422.78280809524,4422.78280809524
2004,Black or African American,All Origins,19,Deaths,attributable,4.18168740092509,4.18168740092509,4.18168740092509
2004,Black or African American,All Origins,19,YLL,attributable,108.522494077196,108.522494077196,108.522494077196
2004,Black or African American,All Origins,20,Deaths,attributable,21.7767869797154,21.7767869797154,21.7767869797154
2004,Black or African American,All Origins,20,YLL,attributable,573.046827351624,573.046827351624,573.046827351624
2004,Black or African American,All Origins,21,Deaths,attributable,81.6439259130333,81.6439259130333,81.6439259130333
2004,Black or African American,All Origins,21,YLL,attributable,2113.60847124459,2113.60847124459,2113.60847124459
2004,Black or African American,All Origins,22,Deaths,attributable,445.620714837349,445.620714837349,445.620714837349
2004,Black or African American,All Origins,22,YLL,attributable,12390.0017742563,12390.0017742563,12390.0017742563
2004,Black or African American,All Origins,24,Deaths,attributable,563.278576206535,563.278576206535,563.278576206535
2004,Black or African American,All Origins,24,YLL,attributable,14810.211389529,14810.211389529,14810.211389529
2004,Black or African American,All Origins,25,Deaths,attributable,37.0465420040792,37.0465420040792,37.0465420040792
2004,Black or African American,All Origins,25,YLL,attributable,935.77266559882,935.77266559882,935.77266559882
2004,Black or African American,All Origins,26,Deaths,attributable,601.249345391266,601.249345391266,601.249345391266
2004,Black or African American,All Origins,26,YLL,attributable,15917.87975618,15917.87975618,15917.87975618
2004,Black or African American,All Origins,28,Deaths,attributable,286.517370426819,286.517370426819,286.517370426819
2004,Black or African American,All Origins,28,YLL,attributable,8109.98983459204,8109.98983459204,8109.98983459204
2004,Black or African American,All Origins,29,Deaths,attributable,190.923094090072,190.923094090072,190.923094090072
2004,Black or African American,All Origins,29,YLL,attributable,4917.96809469917,4917.96809469917,4917.96809469917
2004,Black or African American,All Origins,32,Deaths,attributable,12.1459070241307,12.1459070241307,12.1459070241307
2004,Black or African American,All Origins,32,YLL,attributable,289.24265154605,289.24265154605,289.24265154605
2004,Black or African American,All Origins,34,Deaths,attributable,361.106518697562,361.106518697562,361.106518697562
2004,Black or African American,All Origins,34,YLL,attributable,9229.68253013882,9229.68253013882,9229.68253013882
2004,Black or African American,All Origins,36,Deaths,attributable,1237.24414455066,1237.24414455066,1237.24414455066
2004,Black or African American,All Origins,36,YLL,attributable,30480.9778690014,30480.9778690014,30480.9778690014
2004,Black or African American,All Origins,37,Deaths,attributable,619.219882857217,619.219882857217,619.219882857217
2004,Black or African American,All Origins,37,YLL,attributable,16697.754832017,16697.754832017,16697.754832017
2004,Black or African American,All Origins,39,Deaths,attributable,640.595218358824,640.595218358824,640.595218358824
2004,Black or African American,All Origins,39,YLL,attributable,16964.470487798,16964.470487798,16964.470487798
2004,Black or African American,All Origins,40,Deaths,attributable,58.9376934857374,58.9376934857374,58.9376934857374
2004,Black or African American,All Origins,40,YLL,attributable,1661.90967463418,1661.90967463418,1661.90967463418
2004,Black or African American,All Origins,42,Deaths,attributable,544.556066831446,544.556066831446,544.556066831446
2004,Black or African American,All Origins,42,YLL,attributable,13739.9779641108,13739.9779641108,13739.9779641108
2004,Black or African American,All Origins,44,Deaths,attributable,4.39496164743473,4.39496164743473,4.39496164743473
2004,Black or African American,All Origins,44,YLL,attributable,107.225490731924,107.225490731924,107.225490731924
2004,Black or African American,All Origins,45,Deaths,attributable,411.112930553082,411.112930553082,411.112930553082
2004,Black or African American,All Origins,45,YLL,attributable,11522.3894797216,11522.3894797216,11522.3894797216
2004,Black or African American,All Origins,47,Deaths,attributable,359.282380424143,359.282380424143,359.282380424143
2004,Black or African American,All Origins,47,YLL,attributable,9701.47010234179,9701.47010234179,9701.47010234179
2004,Black or African American,All Origins,48,Deaths,attributable,727.930618393415,727.930618393415,727.930618393415
2004,Black or African American,All Origins,48,YLL,attributable,19957.9494046071,19957.9494046071,19957.9494046071
2004,Black or African American,All Origins,51,Deaths,attributable,487.871307750689,487.871307750689,487.871307750689
2004,Black or African American,All Origins,51,YLL,attributable,12881.6001434306,12881.6001434306,12881.6001434306
2004,Black or African American,All Origins,53,Deaths,attributable,11.5849014278136,11.5849014278136,11.5849014278136
2004,Black or African American,All Origins,53,YLL,attributable,283.276549067432,283.276549067432,283.276549067432
2004,Black or African American,All Origins,54,Deaths,attributable,6.83793921628551,6.83793921628551,6.83793921628551
2004,Black or African American,All Origins,54,YLL,attributable,103.014252436586,103.014252436586,103.014252436586
2004,Black or African American,All Origins,55,Deaths,attributable,37.119486704353,37.119486704353,37.119486704353
2004,Black or African American,All Origins,55,YLL,attributable,1012.38808227587,1012.38808227587,1012.38808227587
2004,Black or African American,Not Hispanic or Latino,1,Deaths,attributable,775.756056806392,775.756056806392,775.756056806392
2004,Black or African American,Not Hispanic or Latino,1,YLL,attributable,18467.663991214,18467.663991214,18467.663991214
2004,Black or African American,Not Hispanic or Latino,4,Deaths,attributable,5.448669807154,5.448669807154,5.448669807154
2004,Black or African American,Not Hispanic or Latino,4,YLL,attributable,93.191404087618,93.191404087618,93.191404087618
2004,Black or African American,Not Hispanic or Latino,5,Deaths,attributable,169.175900502786,169.175900502786,169.175900502786
2004,Black or African American,Not Hispanic or Latino,5,YLL,attributable,4453.69765342128,4453.69765342128,4453.69765342128
2004,Black or African American,Not Hispanic or Latino,6,Deaths,attributable,1749.91631337582,1749.91631337582,1749.91631337582
2004,Black or African American,Not Hispanic or Latino,6,YLL,attributable,41801.1573614568,41801.1573614568,41801.1573614568
2004,Black or African American,Not Hispanic or Latino,8,Deaths,attributable,13.695991226913,13.695991226913,13.695991226913
2004,Black or African American,Not Hispanic or Latino,8,YLL,attributable,289.777068300385,289.777068300385,289.777068300385
2004,Black or African American,Not Hispanic or Latino,9,Deaths,attributable,65.4946645531642,65.4946645531642,65.4946645531642
2004,Black or African American,Not Hispanic or Latino,9,YLL,attributable,1531.13327096409,1531.13327096409,1531.13327096409
2004,Black or African American,Not Hispanic or Latino,10,Deaths,attributable,53.136625636144,53.136625636144,53.136625636144
2004,Black or African American,Not Hispanic or Latino,10,YLL,attributable,1524.49537114382,1524.49537114382,1524.49537114382
2004,Black or African American,Not Hispanic or Latino,11,Deaths,attributable,270.282550830451,270.282550830451,270.282550830451
2004,Black or African American,Not Hispanic or Latino,11,YLL,attributable,6123.56478259205,6123.56478259205,6123.56478259205
2004,Black or African American,Not Hispanic or Latino,12,Deaths,attributable,903.64325905227,903.64325905227,903.64325905227
2004,Black or African American,Not Hispanic or Latino,12,YLL,attributable,22306.4447183428,22306.4447183428,22306.4447183428
2004,Black or African American,Not Hispanic or Latino,13,Deaths,attributable,1215.54511902165,1215.54511902165,1215.54511902165
2004,Black or African American,Not Hispanic or Latino,13,YLL,attributable,30975.6578881017,30975.6578881017,30975.6578881017
2004,Black or African American,Not Hispanic or Latino,17,Deaths,attributable,1183.86632560764,1183.86632560764,1183.86632560764
2004,Black or African American,Not Hispanic or Latino,17,YLL,attributable,29851.0097373357,29851.0097373357,29851.0097373357
2004,Black or African American,Not Hispanic or Latino,18,Deaths,attributable,310.141512915349,310.141512915349,310.141512915349
2004,Black or African American,Not Hispanic or Latino,18,YLL,attributable,7466.66653814636,7466.66653814636,7466.66653814636
2004,Black or African American,Not Hispanic or Latino,20,Deaths,attributable,13.5023073729063,13.5023073729063,13.5023073729063
2004,Black or African American,Not Hispanic or Latino,20,YLL,attributable,288.667980679946,288.667980679946,288.667980679946
2004,Black or African American,Not Hispanic or Latino,21,Deaths,attributable,181.473466952715,181.473466952715,181.473466952715
2004,Black or African American,Not Hispanic or Latino,21,YLL,attributable,4232.55010150115,4232.55010150115,4232.55010150115
2004,Black or African American,Not Hispanic or Latino,22,Deaths,attributable,804.675927562751,804.675927562751,804.675927562751
2004,Black or African American,Not Hispanic or Latino,22,YLL,attributable,19934.7938295844,19934.7938295844,19934.7938295844
2004,Black or African American,Not Hispanic or Latino,24,Deaths,attributable,905.889004596684,905.889004596684,905.889004596684
2004,Black or African American,Not Hispanic or Latino,24,YLL,attributable,22281.4254072165,22281.4254072165,22281.4254072165
2004,Black or African American,Not Hispanic or Latino,25,Deaths,attributable,76.7230101715361,76.7230101715361,76.7230101715361
2004,Black or African American,Not Hispanic or Latino,25,YLL,attributable,1941.05950715474,1941.05950715474,1941.05950715474
2004,Black or African American,Not Hispanic or Latino,26,Deaths,attributable,882.431523768493,882.431523768493,882.431523768493
2004,Black or African American,Not Hispanic or Latino,26,YLL,attributable,21767.2383069872,21767.2383069872,21767.2383069872
2004,Black or African American,Not Hispanic or Latino,28,Deaths,attributable,503.462670500333,503.462670500333,503.462670500333
2004,Black or African American,Not Hispanic or Latino,28,YLL,attributable,12777.6445388497,12777.6445388497,12777.6445388497
2004,Black or African American,Not Hispanic or Latino,29,Deaths,attributable,379.358451833029,379.358451833029,379.358451833029
2004,Black or African American,Not Hispanic or Latino,29,YLL,attributable,9111.5383830299,9111.5383830299,9111.5383830299
2004,Black or African American,Not Hispanic or Latino,32,Deaths,attributable,8.57179984812552,8.57179984812552,8.57179984812552
2004,Black or African American,Not Hispanic or Latino,32,YLL,attributable,220.131494775139,220.131494775139,220.131494775139
2004,Black or African American,Not Hispanic or Latino,34,Deaths,attributable,627.219687674532,627.219687674532,627.219687674532
2004,Black or African American,Not Hispanic or Latino,34,YLL,attributable,15435.3422209192,15435.3422209192,15435.3422209192
2004,Black or African American,Not Hispanic or Latino,36,Deaths,attributable,1355.67666664683,1355.67666664683,1355.67666664683
2004,Black or African American,Not Hispanic or Latino,36,YLL,attributable,32828.6246433287,32828.6246433287,32828.6246433287
2004,Black or African American,Not Hispanic or Latino,37,Deaths,attributable,1141.35896431718,1141.35896431718,1141.35896431718
2004,Black or African American,Not Hispanic or Latino,37,YLL,attributable,27466.5895969254,27466.5895969254,27466.5895969254
2004,Black or African American,Not Hispanic or Latino,39,Deaths,attributable,1250.61713903426,1250.61713903426,1250.61713903426
2004,Black or African American,Not Hispanic or Latino,39,YLL,attributable,29890.2099228254,29890.2099228254,29890.2099228254
2004,Black or African American,Not Hispanic or Latino,40,Deaths,attributable,74.6384562293512,74.6384562293512,74.6384562293512
2004,Black or African American,Not Hispanic or Latino,40,YLL,attributable,1664.65884324406,1664.65884324406,1664.65884324406
2004,Black or African American,Not Hispanic or Latino,42,Deaths,attributable,1125.9241518863,1125.9241518863,1125.9241518863
2004,Black or African American,Not Hispanic or Latino,42,YLL,attributable,26334.8668985476,26334.8668985476,26334.8668985476
2004,Black or African American,Not Hispanic or Latino,45,Deaths,attributable,630.359916321569,630.359916321569,630.359916321569
2004,Black or African American,Not Hispanic or Latino,45,YLL,attributable,16170.3527843199,16170.3527843199,16170.3527843199
2004,Black or African American,Not Hispanic or Latino,47,Deaths,attributable,610.004889228947,610.004889228947,610.004889228947
2004,Black or African American,Not Hispanic or Latino,47,YLL,attributable,15486.7975819747,15486.7975819747,15486.7975819747
2004,Black or African American,Not Hispanic or Latino,48,Deaths,attributable,1319.34426287392,1319.34426287392,1319.34426287392
2004,Black or African American,Not Hispanic or Latino,48,YLL,attributable,32480.5742485935,32480.5742485935,32480.5742485935
2004,Black or African American,Not Hispanic or Latino,51,Deaths,attributable,921.470526907085,921.470526907085,921.470526907085
2004,Black or African American,Not Hispanic or Latino,51,YLL,attributable,21398.97120086,21398.97120086,21398.97120086
2004,Black or African American,Not Hispanic or Latino,53,Deaths,attributable,4.48940028977348,4.48940028977348,4.48940028977348
2004,Black or African American,Not Hispanic or Latino,53,YLL,attributable,115.291818981038,115.291818981038,115.291818981038
2004,Black or African American,Not Hispanic or Latino,55,Deaths,attributable,105.984925834933,105.984925834933,105.984925834933
2004,Black or African American,Not Hispanic or Latino,55,YLL,attributable,2765.27694233944,2765.27694233944,2765.27694233944
2004,White,All Origins,1,Deaths,attributable,1546.19004991496,1546.19004991496,1546.19004991496
2004,White,All Origins,1,YLL,attributable,35747.9444823884,35747.9444823884,35747.9444823884
2004,White,All Origins,2,Deaths,attributable,29.6041560268842,29.6041560268842,29.6041560268842
2004,White,All Origins,2,YLL,attributable,847.113090564272,847.113090564272,847.113090564272
2004,White,All Origins,4,Deaths,attributable,800.633239929402,800.633239929402,800.633239929402
2004,White,All Origins,4,YLL,attributable,17446.2688141709,17446.2688141709,17446.2688141709
2004,White,All Origins,5,Deaths,attributable,920.254119030619,920.254119030619,920.254119030619
2004,White,All Origins,5,YLL,attributable,21171.7308154577,21171.7308154577,21171.7308154577
2004,White,All Origins,6,Deaths,attributable,9213.92778523006,9213.92778523006,9213.92778523006
2004,White,All Origins,6,YLL,attributable,195179.848888155,195179.848888155,195179.848888155
2004,White,All Origins,8,Deaths,attributable,431.445585458505,431.445585458505,431.445585458505
2004,White,All Origins,8,YLL,attributable,9365.77864120282,9365.77864120282,9365.77864120282
2004,White,All Origins,9,Deaths,attributable,800.23054011003,800.23054011003,800.23054011003
2004,White,All Origins,9,YLL,attributable,15601.1515207571,15601.1515207571,15601.1515207571
2004,White,All Origins,10,Deaths,attributable,272.905650003955,272.905650003955,272.905650003955
2004,White,All Origins,10,YLL,attributable,5793.78659336027,5793.78659336027,5793.78659336027
2004,White,All Origins,11,Deaths,attributable,31.3931652729689,31.3931652729689,31.3931652729689
2004,White,All Origins,11,YLL,attributable,533.950380610881,533.950380610881,533.950380610881
2004,White,All Origins,12,Deaths,attributable,4953.26230828954,4953.26230828954,4953.26230828954
2004,White,All Origins,12,YLL,attributable,104095.162434072,104095.162434072,104095.162434072
2004,White,All Origins,13,Deaths,attributable,2183.56860360835,2183.56860360835,2183.56860360835
2004,White,All Origins,13,YLL,attributable,51181.5576010817,51181.5576010817,51181.5576010817
2004,White,All Origins,15,Deaths,attributable,3.95117960422401,3.95117960422401,3.95117960422401
2004,White,All Origins,15,YLL,attributable,93.2817525789288,93.2817525789288,93.2817525789288
2004,White,All Origins,16,Deaths,attributable,127.675766193332,127.675766193332,127.675766193332
2004,White,All Origins,16,YLL,attributable,2742.83305239649,2742.83305239649,2742.83305239649
2004,White,All Origins,17,Deaths,attributable,3503.56859418606,3503.56859418606,3503.56859418606
2004,White,All Origins,17,YLL,attributable,74818.9885390916,74818.9885390916,74818.9885390916
2004,White,All Origins,18,Deaths,attributable,2211.46463224552,2211.46463224552,2211.46463224552
2004,White,All Origins,18,YLL,attributable,50133.9636112296,50133.9636112296,50133.9636112296
2004,White,All Origins,19,Deaths,attributable,810.855131609574,810.855131609574,810.855131609574
2004,White,All Origins,19,YLL,attributable,16497.2530417815,16497.2530417815,16497.2530417815
2004,White,All Origins,20,Deaths,attributable,524.813916582738,524.813916582738,524.813916582738
2004,White,All Origins,20,YLL,attributable,11347.0443002774,11347.0443002774,11347.0443002774
2004,White,All Origins,21,Deaths,attributable,1698.7660215885,1698.7660215885,1698.7660215885
2004,White,All Origins,21,YLL,attributable,40309.4304904406,40309.4304904406,40309.4304904406
2004,White,All Origins,22,Deaths,attributable,1013.1916032627,1013.1916032627,1013.1916032627
2004,White,All Origins,22,YLL,attributable,23395.4640624684,23395.4640624684,23395.4640624684
2004,White,All Origins,23,Deaths,attributable,140.253052754045,140.253052754045,140.253052754045
2004,White,All Origins,23,YLL,attributable,2858.31567816291,2858.31567816291,2858.31567816291
2004,White,All Origins,24,Deaths,attributable,1586.04202299904,1586.04202299904,1586.04202299904
2004,White,All Origins,24,YLL,attributable,33698.5379179209,33698.5379179209,33698.5379179209
2004,White,All Origins,25,Deaths,attributable,1337.9536643343,1337.9536643343,1337.9536643343
2004,White,All Origins,25,YLL,attributable,26919.2511048088,26919.2511048088,26919.2511048088
2004,White,All Origins,26,Deaths,attributable,2482.27563503296,2482.27563503296,2482.27563503296
2004,White,All Origins,26,YLL,attributable,54156.8747941221,54156.8747941221,54156.8747941221
2004,White,All Origins,27,Deaths,attributable,630.12426333355,630.12426333355,630.12426333355
2004,White,All Origins,27,YLL,attributable,13181.517236878,13181.517236878,13181.517236878
2004,White,All Origins,28,Deaths,attributable,731.592040633285,731.592040633285,731.592040633285
2004,White,All Origins,28,YLL,attributable,17526.0152850081,17526.0152850081,17526.0152850081
2004,White,All Origins,29,Deaths,attributable,1772.67538466275,1772.67538466275,1772.67538466275
2004,White,All Origins,29,YLL,attributable,39086.2638189508,39086.2638189508,39086.2638189508
2004,White,All Origins,30,Deaths,attributable,48.3303308063847,48.3303308063847,48.3303308063847
2004,White,All Origins,30,YLL,attributable,985.77814831782,985.77814831782,985.77814831782
2004,White,All Origins,31,Deaths,attributable,208.001386179232,208.001386179232,208.001386179232
2004,White,All Origins,31,YLL,attributable,4304.93447709295,4304.93447709295,4304.93447709295
2004,White,All Origins,32,Deaths,attributable,367.712689361109,367.712689361109,367.712689361109
2004,White,All Origins,32,YLL,attributable,8563.63932457219,8563.63932457219,8563.63932457219
2004,White,All Origins,33,Deaths,attributable,219.106911523533,219.106911523533,219.106911523533
2004,White,All Origins,33,YLL,attributable,4511.05544332765,4511.05544332765,4511.05544332765
2004,White,All Origins,34,Deaths,attributable,2634.63717905745,2634.63717905745,2634.63717905745
2004,White,All Origins,34,YLL,attributable,52165.7186444802,52165.7186444802,52165.7186444802
2004,White,All Origins,35,Deaths,attributable,110.650753464759,110.650753464759,110.650753464759
2004,White,All Origins,35,YLL,attributable,2309.69914723709,2309.69914723709,2309.69914723709
2004,White,All Origins,36,Deaths,attributable,5447.49881843514,5447.49881843514,5447.49881843514
2004,White,All Origins,36,YLL,attributable,107925.020575315,107925.020575315,107925.020575315
2004,White,All Origins,37,Deaths,attributable,2465.92563609079,2465.92563609079,2465.92563609079
2004,White,All Origins,37,YLL,attributable,56464.9212323121,56464.9212323121,56464.9212323121
2004,White,All Origins,38,Deaths,attributable,52.2447228772406,52.2447228772406,52.2447228772406
2004,White,All Origins,38,YLL,attributable,1014.82384556751,1014.82384556751,1014.82384556751
2004,White,All Origins,39,Deaths,attributable,4527.19767598164,4527.19767598164,4527.19767598164
2004,White,All Origins,39,YLL,attributable,99522.0449559976,99522.0449559976,99522.0449559976
2004,White,All Origins,40,Deaths,attributable,1116.25528316642,1116.25528316642,1116.25528316642
2004,White,All Origins,40,YLL,attributable,25752.0418506653,25752.0418506653,25752.0418506653
2004,White,All Origins,41,Deaths,attributable,398.082607412845,398.082607412845,398.082607412845
2004,White,All Origins,41,YLL,attributable,8283.81146647192,8283.81146647192,8283.81146647192
2004,White,All Origins,42,Deaths,attributable,4977.40478286199,4977.40478286199,4977.40478286199
2004,White,All Origins,42,YLL,attributable,101403.375678911,101403.375678911,101403.375678911
2004,White,All Origins,44,Deaths,attributable,318.992491559144,318.992491559144,318.992491559144
2004,White,All Origins,44,YLL,attributable,6273.08368789932,6273.08368789932,6273.08368789932
2004,White,All Origins,45,Deaths,attributable,1215.00223600668,1215.00223600668,1215.00223600668
2004,White,All Origins,45,YLL,attributable,28437.5219579389,28437.5219579389,28437.5219579389
2004,White,All Origins,46,Deaths,attributable,71.9083017934939,71.9083017934939,71.9083017934939
2004,White,All Origins,46,YLL,attributable,1407.19949782285,1407.19949782285,1407.19949782285
2004,White,All Origins,47,Deaths,attributable,2324.10091153956,2324.10091153956,2324.10091153956
2004,White,All Origins,47,YLL,attributable,54075.4453594766,54075.4453594766,54075.4453594766
2004,White,All Origins,48,Deaths,attributable,4571.68987691361,4571.68987691361,4571.68987691361
2004,White,All Origins,48,YLL,attributable,106521.445581159,106521.445581159,106521.445581159
2004,White,All Origins,49,Deaths,attributable,305.139501662739,305.139501662739,305.139501662739
2004,White,All Origins,49,YLL,attributable,6456.78416530638,6456.78416530638,6456.78416530638
2004,White,All Origins,50,Deaths,attributable,64.7686869998524,64.7686869998524,64.7686869998524
2004,White,All Origins,50,YLL,attributable,1271.32801513477,1271.32801513477,1271.32801513477
2004,White,All Origins,51,Deaths,attributable,1850.74105643039,1850.74105643039,1850.74105643039
2004,White,All Origins,51,YLL,attributable,41155.9526175925,41155.9526175925,41155.9526175925
2004,White,All Origins,53,Deaths,attributable,677.941200238175,677.941200238175,677.941200238175
2004,White,All Origins,53,YLL,attributable,14402.1023671599,14402.1023671599,14402.1023671599
2004,White,All Origins,54,Deaths,attributable,871.322766026787,871.322766026787,871.322766026787
2004,White,All Origins,54,YLL,attributable,19428.0896920519,19428.0896920519,19428.0896920519
2004,White,All Origins,55,Deaths,attributable,1070.65545597882,1070.65545597882,1070.65545597882
2004,White,All Origins,55,YLL,attributable,22077.5593635419,22077.5593635419,22077.5593635419
2004,White,All Origins,56,Deaths,attributable,23.356437988602,23.356437988602,23.356437988602
2004,White,All Origins,56,YLL,attributable,495.961751667037,495.961751667037,495.961751667037
2004,White,Hispanic or Latino,4,Deaths,attributable,77.4100207185349,77.4100207185349,77.4100207185349
2004,White,Hispanic or Latino,4,YLL,attributable,1960.5950040291,1960.5950040291,1960.5950040291
2004,White,Hispanic or Latino,6,Deaths,attributable,1792.8242254856,1792.8242254856,1792.8242254856
2004,White,Hispanic or Latino,6,YLL,attributable,42544.4094748496,42544.4094748496,42544.4094748496
2004,White,Hispanic or Latino,8,Deaths,attributable,37.2444763130784,37.2444763130784,37.2444763130784
2004,White,Hispanic or Latino,8,YLL,attributable,882.556657741835,882.556657741835,882.556657741835
2004,White,Hispanic or Latino,9,Deaths,attributable,11.9967714217007,11.9967714217007,11.9967714217007
2004,White,Hispanic or Latino,9,YLL,attributable,242.992282937203,242.992282937203,242.992282937203
2004,White,Hispanic or Latino,12,Deaths,attributable,514.893779558423,514.893779558423,514.893779558423
2004,White,Hispanic or Latino,12,YLL,attributable,10955.9953064524,10955.9953064524,10955.9953064524
2004,White,Hispanic or Latino,17,Deaths,attributable,109.175636014149,109.175636014149,109.175636014149
2004,White,Hispanic or Latino,17,YLL,attributable,2718.93474192282,2718.93474192282,2718.93474192282
2004,White,Hispanic or Latino,25,Deaths,attributable,12.4290420807636,12.4290420807636,12.4290420807636
2004,White,Hispanic or Latino,25,YLL,attributable,369.525662153307,369.525662153307,369.525662153307
2004,White,Hispanic or Latino,26,Deaths,attributable,18.3333084217405,18.3333084217405,18.3333084217405
2004,White,Hispanic or Latino,26,YLL,attributable,392.933672061393,392.933672061393,392.933672061393
2004,White,Hispanic or Latino,32,Deaths,attributable,6.36566093223309,6.36566093223309,6.36566093223309
2004,White,Hispanic or Latino,32,YLL,attributable,137.960980394843,137.960980394843,137.960980394843
2004,White,Hispanic or Latino,34,Deaths,attributable,120.05193085155,120.05193085155,120.05193085155
2004,White,Hispanic or Latino,34,YLL,attributable,2873.9239059536,2873.9239059536,2873.9239059536
2004,White,Hispanic or Latino,35,Deaths,attributable,36.0889296591547,36.0889296591547,36.0889296591547
2004,White,Hispanic or Latino,35,YLL,attributable,802.583756129191,802.583756129191,802.583756129191
2004,White,Hispanic or Latino,36,Deaths,attributable,559.93590499096,559.93590499096,559.93590499096
2004,White,Hispanic or Latino,36,YLL,attributable,13417.0848691262,13417.0848691262,13417.0848691262
2004,White,Hispanic or Latino,39,Deaths,attributable,6.95764394090715,6.95764394090715,6.95764394090715
2004,White,Hispanic or Latino,39,YLL,attributable,111.093515627471,111.093515627471,111.093515627471
2004,White,Hispanic or Latino,41,Deaths,attributable,1.07769368651266,1.07769368651266,1.07769368651266
2004,White,Hispanic or Latino,41,YLL,attributable,42.7141067690832,42.7141067690832,42.7141067690832
2004,White,Hispanic or Latino,42,Deaths,attributable,22.1700979049775,22.1700979049775,22.1700979049775
2004,White,Hispanic or Latino,42,YLL,attributable,549.392494768433,549.392494768433,549.392494768433
2004,White,Hispanic or Latino,48,Deaths,attributable,864.936188545569,864.936188545569,864.936188545569
2004,White,Hispanic or Latino,48,YLL,attributable,21335.9198232723,21335.9198232723,21335.9198232723
2004,White,Hispanic or Latino,51,Deaths,attributable,1.30053588465627,1.30053588465627,1.30053588465627
2004,White,Hispanic or Latino,51,YLL,attributable,17.2174366304729,17.2174366304729,17.2174366304729
2004,White,Hispanic or Latino,53,Deaths,attributable,3.60313432069915,3.60313432069915,3.60313432069915
2004,White,Hispanic or Latino,53,YLL,attributable,72.4290102833464,72.4290102833464,72.4290102833464
2004,White,Not Hispanic or Latino,1,Deaths,attributable,2030.1766947969,2030.1766947969,2030.1766947969
2004,White,Not Hispanic or Latino,1,YLL,attributable,47842.4706956926,47842.4706956926,47842.4706956926
2004,White,Not Hispanic or Latino,2,Deaths,attributable,44.0822166197467,44.0822166197467,44.0822166197467
2004,White,Not Hispanic or Latino,2,YLL,attributable,1210.66757681859,1210.66757681859,1210.66757681859
2004,White,Not Hispanic or Latino,4,Deaths,attributable,914.77597174299,914.77597174299,914.77597174299
2004,White,Not Hispanic or Latino,4,YLL,attributable,19644.3840229708,19644.3840229708,19644.3840229708
2004,White,Not Hispanic or Latino,5,Deaths,attributable,1205.14036336133,1205.14036336133,1205.14036336133
2004,White,Not Hispanic or Latino,5,YLL,attributable,28136.4790813387,28136.4790813387,28136.4790813387
2004,White,Not Hispanic or Latino,6,Deaths,attributable,9156.8539587077,9156.8539587077,9156.8539587077
2004,White,Not Hispanic or Latino,6,YLL,attributable,188345.723895355,188345.723895355,188345.723895355
2004,White,Not Hispanic or Latino,8,Deaths,attributable,477.325610978945,477.325610978945,477.325610978945
2004,White,Not Hispanic or Latino,8,YLL,attributable,10286.1832083299,10286.1832083299,10286.1832083299
2004,White,Not Hispanic or Latino,9,Deaths,attributable,1006.51134698962,1006.51134698962,1006.51134698962
2004,White,Not Hispanic or Latino,9,YLL,attributable,20220.8986860656,20220.8986860656,20220.8986860656
2004,White,Not Hispanic or Latino,10,Deaths,attributable,369.252214011023,369.252214011023,369.252214011023
2004,White,Not Hispanic or Latino,10,YLL,attributable,8052.76171025891,8052.76171025891,8052.76171025891
2004,White,Not Hispanic or Latino,11,Deaths,attributable,36.9615361143849,36.9615361143849,36.9615361143849
2004,White,Not Hispanic or Latino,11,YLL,attributable,615.243562940564,615.243562940564,615.243562940564
2004,White,Not Hispanic or Latino,12,Deaths,attributable,5879.48647927455,5879.48647927455,5879.48647927455
2004,White,Not Hispanic or Latino,12,YLL,attributable,125906.669377858,125906.669377858,125906.669377858
2004,White,Not Hispanic or Latino,13,Deaths,attributable,2847.05630999523,2847.05630999523,2847.05630999523
2004,White,Not Hispanic or Latino,13,YLL,attributable,67446.7017042242,67446.7017042242,67446.7017042242
2004,White,Not Hispanic or Latino,15,Deaths,attributable,5.15484564848643,5.15484564848643,5.15484564848643
2004,White,Not Hispanic or Latino,15,YLL,attributable,120.7595860629,120.7595860629,120.7595860629
2004,White,Not Hispanic or Latino,16,Deaths,attributable,155.335013376628,155.335013376628,155.335013376628
2004,White,Not Hispanic or Latino,16,YLL,attributable,3381.48883071984,3381.48883071984,3381.48883071984
2004,White,Not Hispanic or Latino,17,Deaths,attributable,4311.27227505545,4311.27227505545,4311.27227505545
2004,White,Not Hispanic or Latino,17,YLL,attributable,93251.4120936088,93251.4120936088,93251.4120936088
2004,White,Not Hispanic or Latino,18,Deaths,attributable,2815.79605641116,2815.79605641116,2815.79605641116
2004,White,Not Hispanic or Latino,18,YLL,attributable,64302.9778383063,64302.9778383063,64302.9778383063
2004,White,Not Hispanic or Latino,19,Deaths,attributable,1017.72959101203,1017.72959101203,1017.72959101203
2004,White,Not Hispanic or Latino,19,YLL,attributable,21449.1628578591,21449.1628578591,21449.1628578591
2004,White,Not Hispanic or Latino,20,Deaths,attributable,661.981237164543,661.981237164543,661.981237164543
2004,White,Not Hispanic or Latino,20,YLL,attributable,14598.3456758911,14598.3456758911,14598.3456758911
2004,White,Not Hispanic or Latino,21,Deaths,attributable,2289.77391505895,2289.77391505895,2289.77391505895
2004,White,Not Hispanic or Latino,21,YLL,attributable,55117.0640093458,55117.0640093458,55117.0640093458
2004,White,Not Hispanic or Latino,22,Deaths,attributable,1324.85776951967,1324.85776951967,1324.85776951967
2004,White,Not Hispanic or Latino,22,YLL,attributable,30727.3718471089,30727.3718471089,30727.3718471089
2004,White,Not Hispanic or Latino,23,Deaths,attributable,193.07606695172,193.07606695172,193.07606695172
2004,White,Not Hispanic or Latino,23,YLL,attributable,4137.87380126072,4137.87380126072,4137.87380126072
2004,White,Not Hispanic or Latino,24,Deaths,attributable,2000.04325919479,2000.04325919479,2000.04325919479
2004,White,Not Hispanic or Latino,24,YLL,attributable,43497.1826580222,43497.1826580222,43497.1826580222
2004,White,Not Hispanic or Latino,25,Deaths,attributable,1723.61488627106,1723.61488627106,1723.61488627106
2004,White,Not Hispanic or Latino,25,YLL,attributable,35646.0417257032,35646.0417257032,35646.0417257032
2004,White,Not Hispanic or Latino,26,Deaths,attributable,3084.90611371633,3084.90611371633,3084.90611371633
2004,White,Not Hispanic or Latino,26,YLL,attributable,68369.1229152861,68369.1229152861,68369.1229152861
2004,White,Not Hispanic or Latino,27,Deaths,attributable,828.56945784071,828.56945784071,828.56945784071
2004,White,Not Hispanic or Latino,27,YLL,attributable,17815.5095499273,17815.5095499273,17815.5095499273
2004,White,Not Hispanic or Latino,28,Deaths,attributable,957.782001747747,957.782001747747,957.782001747747
2004,White,Not Hispanic or Latino,28,YLL,attributable,23108.1178473702,23108.1178473702,23108.1178473702
2004,White,Not Hispanic or Latino,29,Deaths,attributable,2291.42761297035,2291.42761297035,2291.42761297035
2004,White,Not Hispanic or Latino,29,YLL,attributable,51672.8486911675,51672.8486911675,51672.8486911675
2004,White,Not Hispanic or Latino,30,Deaths,attributable,64.1979650923453,64.1979650923453,64.1979650923453
2004,White,Not Hispanic or Latino,30,YLL,attributable,1366.45716100918,1366.45716100918,1366.45716100918
2004,White,Not Hispanic or Latino,31,Deaths,attributable,267.960391112592,267.960391112592,267.960391112592
2004,White,Not Hispanic or Latino,31,YLL,attributable,5664.29475692324,5664.29475692324,5664.29475692324
2004,White,Not Hispanic or Latino,32,Deaths,attributable,458.838306959283,458.838306959283,458.838306959283
2004,White,Not Hispanic or Latino,32,YLL,attributable,10609.7063975866,10609.7063975866,10609.7063975866
2004,White,Not Hispanic or Latino,33,Deaths,attributable,283.99581831986,283.99581831986,283.99581831986
2004,White,Not Hispanic or Latino,33,YLL,attributable,6095.48703853676,6095.48703853676,6095.48703853676
2004,White,Not Hispanic or Latino,34,Deaths,attributable,3169.21793156661,3169.21793156661,3169.21793156661
2004,White,Not Hispanic or Latino,34,YLL,attributable,63901.6304169306,63901.6304169306,63901.6304169306
2004,White,Not Hispanic or Latino,35,Deaths,attributable,91.8968410515095,91.8968410515095,91.8968410515095
2004,White,Not Hispanic or Latino,35,YLL,attributable,1848.02461631223,1848.02461631223,1848.02461631223
2004,White,Not Hispanic or Latino,36,Deaths,attributable,6041.84648569677,6041.84648569677,6041.84648569677
2004,White,Not Hispanic or Latino,36,YLL,attributable,120698.378507234,120698.378507234,120698.378507234
2004,White,Not Hispanic or Latino,37,Deaths,attributable,3178.35366525091,3178.35366525091,3178.35366525091
2004,White,Not Hispanic or Latino,37,YLL,attributable,73466.0799800124,73466.0799800124,73466.0799800124
2004,White,Not Hispanic or Latino,38,Deaths,attributable,66.2788499701872,66.2788499701872,66.2788499701872
2004,White,Not Hispanic or Latino,38,YLL,attributable,1348.18768134379,1348.18768134379,1348.18768134379
2004,White,Not Hispanic or Latino,39,Deaths,attributable,5692.33115626374,5692.33115626374,5692.33115626374
2004,White,Not Hispanic or Latino,39,YLL,attributable,127118.130677263,127118.130677263,127118.130677263
2004,White,Not Hispanic or Latino,40,Deaths,attributable,1370.37318076736,1370.37318076736,1370.37318076736
2004,White,Not Hispanic or Latino,40,YLL,attributable,31847.5907999156,31847.5907999156,31847.5907999156
2004,White,Not Hispanic or Latino,41,Deaths,attributable,515.135156542471,515.135156542471,515.135156542471
2004,White,Not Hispanic or Latino,41,YLL,attributable,10951.8731668063,10951.8731668063,10951.8731668063
2004,White,Not Hispanic or Latino,42,Deaths,attributable,6168.73825013423,6168.73825013423,6168.73825013423
2004,White,Not Hispanic or Latino,42,YLL,attributable,128466.199113266,128466.199113266,128466.199113266
2004,White,Not Hispanic or Latino,44,Deaths,attributable,406.87897389027,406.87897389027,406.87897389027
2004,White,Not Hispanic or Latino,44,YLL,attributable,8312.12550688323,8312.12550688323,8312.12550688323
2004,White,Not Hispanic or Latino,45,Deaths,attributable,1576.82506476999,1576.82506476999,1576.82506476999
2004,White,Not Hispanic or Latino,45,YLL,attributable,37314.763392979,37314.763392979,37314.763392979
2004,White,Not Hispanic or Latino,46,Deaths,attributable,92.8875606985284,92.8875606985284,92.8875606985284
2004,White,Not Hispanic or Latino,46,YLL,attributable,1881.74894696142,1881.74894696142,1881.74894696142
2004,White,Not Hispanic or Latino,47,Deaths,attributable,2958.8555090805,2958.8555090805,2958.8555090805
2004,White,Not Hispanic or Latino,47,YLL,attributable,69953.8936567441,69953.8936567441,69953.8936567441
2004,White,Not Hispanic or Latino,48,Deaths,attributable,4749.78719400861,4749.78719400861,4749.78719400861
2004,White,Not Hispanic or Latino,48,YLL,attributable,108658.393915404,108658.393915404,108658.393915404
2004,White,Not Hispanic or Latino,49,Deaths,attributable,341.95256880941,341.95256880941,341.95256880941
2004,White,Not Hispanic or Latino,49,YLL,attributable,7370.48106267883,7370.48106267883,7370.48106267883
2004,White,Not Hispanic or Latino,50,Deaths,attributable,89.3782852702761,89.3782852702761,89.3782852702761
2004,White,Not Hispanic or Latino,50,YLL,attributable,1873.9313347204,1873.9313347204,1873.9313347204
2004,White,Not Hispanic or Latino,51,Deaths,attributable,2392.30968290701,2392.30968290701,2392.30968290701
2004,White,Not Hispanic or Latino,51,YLL,attributable,53985.692332585,53985.692332585,53985.692332585
2004,White,Not Hispanic or Latino,53,Deaths,attributable,847.091579113231,847.091579113231,847.091579113231
2004,White,Not Hispanic or Latino,53,YLL,attributable,18264.8930312197,18264.8930312197,18264.8930312197
2004,White,Not Hispanic or Latino,54,Deaths,attributable,1108.7672233525,1108.7672233525,1108.7672233525
2004,White,Not Hispanic or Latino,54,YLL,attributable,25167.3344679879,25167.3344679879,25167.3344679879
2004,White,Not Hispanic or Latino,55,Deaths,attributable,1366.07894352407,1366.07894352407,1366.07894352407
2004,White,Not Hispanic or Latino,55,YLL,attributable,28898.3808120112,28898.3808120112,28898.3808120112
2004,White,Not Hispanic or Latino,56,Deaths,attributable,28.7296444306499,28.7296444306499,28.7296444306499
2004,White,Not Hispanic or Latino,56,YLL,attributable,619.420043626982,619.420043626982,619.420043626982
